,City,Cloudiness,Country,Date,Humidity,Lat,Lng,Max Temp,Wind Speed
0,Ust-Maya,0,RU,1580243149,97,60.42,134.53,-37.91,0.5
1,Kapaa,1,US,1580242946,68,22.08,-159.32,26.0,1.69
2,Esperance,90,AU,1580242946,100,-33.87,121.9,19.0,3.6
3,Lososina,27,RU,1580243153,94,49.0,140.31,-12.79,3.6
4,Rincon,20,US,1580243154,36,32.3,-81.24,17.22,4.1
5,Khasan,100,RU,1580243156,78,42.43,130.64,-6.15,1.8
6,Jamestown,90,US,1580243157,86,42.1,-79.24,1.11,4.1
7,Hasaki,75,JP,1580242953,100,35.73,140.83,15.0,7.7
8,Wattegama,97,LK,1580243159,93,6.8,81.48,20.19,1.56
9,Hermanus,100,ZA,1580243160,96,-34.42,19.23,18.33,2.24
10,Honiara,20,SB,1580243161,94,-9.43,159.95,25.0,0.8
11,Mahebourg,20,MU,1580243162,88,-20.41,57.7,23.0,1.0
12,Ponta Delgada,75,PT,1580243163,93,37.73,-25.67,18.0,5.7
13,Albany,90,US,1580243018,59,42.6,-73.97,2.78,5.1
14,Punta Arenas,40,CL,1580242956,53,-53.15,-70.92,12.0,14.9
15,Thompson,90,CA,1580242968,92,55.74,-97.86,-11.0,2.1
16,Tuatapere,96,NZ,1580243167,77,-46.13,167.68,17.78,0.45
17,Longyearbyen,100,SJ,1580243168,71,78.22,15.64,-16.0,1.0
18,Morant Bay,20,JM,1580243169,62,17.88,-76.41,29.0,4.6
19,Puerto Ayora,20,EC,1580243171,58,-0.74,-90.35,30.0,4.6
20,Nikolskoye,90,RU,1580243172,93,59.7,30.79,0.0,5.0
21,Port Alfred,0,ZA,1580242935,86,-33.59,26.89,18.33,1.34
22,Busselton,96,AU,1580242943,53,-33.65,115.33,18.89,2.17
23,Saskylakh,98,RU,1580243175,95,71.92,114.08,-25.86,3.6
24,Ciudad Lazaro Cardenas,6,MX,1580243176,42,17.96,-102.2,27.73,3.39
25,Saint-Pierre,0,RE,1580243177,78,-21.34,55.48,22.22,2.6
26,San Carlos,47,VE,1580243178,34,9.66,-68.58,35.69,1.1
27,Kibondo,100,TZ,1580243179,99,-3.59,30.72,17.15,0.06
28,Vardo,75,NO,1580243180,85,70.37,31.11,-8.0,2.6
29,Rikitea,100,PF,1580243181,79,-23.12,-134.97,26.59,5.2
30,Hobart,75,AU,1580243167,67,-42.88,147.33,17.22,5.1
31,College,20,US,1580243183,73,64.86,-147.8,-27.22,1.65
32,Hong Kong,20,HK,1580243173,50,22.29,114.16,12.0,4.6
33,Kapit,79,MY,1580243185,99,2.02,112.93,23.48,0.49
34,Sinnamary,89,GF,1580243186,82,5.38,-52.95,26.81,6.1
35,Vestmannaeyjar,0,IS,1580243188,61,63.44,-20.27,0.51,3.3
36,Tevriz,97,RU,1580243189,96,57.51,72.4,-22.32,2.94
37,Bethel,90,US,1580243043,59,41.37,-73.41,5.56,2.6
38,Fairmont,90,US,1580243191,69,39.49,-80.14,3.0,4.1
39,Broken Hill,0,AU,1580243192,28,-31.95,141.43,23.0,4.6
40,Leningradskiy,86,RU,1580243193,90,69.38,178.42,-24.47,3.73
41,George Town,20,MY,1580243194,83,5.41,100.34,28.0,2.1
42,Yellowknife,90,CA,1580243195,84,62.46,-114.35,-17.0,3.1
43,Bambous Virieux,20,MU,1580243196,88,-20.34,57.76,23.0,1.0
44,Mar del Plata,100,AR,1580243177,25,-38.0,-57.56,31.0,10.3
45,Qaanaaq,100,GL,1580243198,96,77.48,-69.36,-23.59,1.66
46,New Norfolk,75,AU,1580243199,67,-42.78,147.06,17.22,5.1
47,Cape Town,75,ZA,1580242964,88,-33.93,18.42,21.67,3.1
48,Te Anau,96,NZ,1580243202,86,-45.42,167.72,13.31,2.66
49,Arrecife,0,ES,1580243203,39,28.96,-13.55,18.0,2.6
50,'Ahuimanu,40,US,1580243204,65,21.44,-157.84,26.0,2.1
51,Tazovsky,100,RU,1580243206,95,67.47,78.7,-15.73,5.25
52,Kruisfontein,1,ZA,1580243207,82,-34.0,24.73,16.26,3.91
53,Kasungu,100,MW,1580243208,97,-13.03,33.48,18.51,1.58
54,Ushuaia,40,AR,1580243107,81,-54.8,-68.3,9.0,13.9
55,Avarua,0,CK,1580243211,83,-21.21,-159.78,28.0,3.6
56,Yendi,100,GH,1580243212,12,9.44,-0.01,28.29,1.45
57,Saint-Francois,90,FR,1580243213,65,46.42,3.91,8.0,6.2
58,Souillac,20,MU,1580243214,88,-20.52,57.52,23.0,1.0
59,Sabha,0,LY,1580243215,21,27.04,14.43,17.54,4.1
60,Ponta do Sol,20,PT,1580243217,67,32.67,-17.1,16.0,2.1
61,Port Lincoln,0,AU,1580243219,74,-34.73,135.87,19.94,2.7
62,Butaritari,100,KI,1580243220,82,3.07,172.79,28.24,8.38
63,Dudinka,75,RU,1580243221,78,69.41,86.18,-11.0,8.0
64,East London,0,ZA,1580242953,58,-33.02,27.91,21.53,3.68
65,Vaini,75,TO,1580242963,88,-21.2,-175.2,27.0,1.5
66,Hondo,57,JP,1580243226,87,32.45,130.2,10.0,4.02
67,Bluff,61,NZ,1580243227,77,-46.6,168.33,17.78,0.45
68,Lagoa,0,PT,1580243228,86,39.05,-27.98,17.41,7.91
69,Norman Wells,75,CA,1580242957,74,65.28,-126.83,-30.0,0.88
70,Atuona,0,PF,1580242943,81,-9.8,-139.03,26.9,6.53
71,Hualmay,79,PE,1580242970,64,-11.1,-77.61,24.98,4.19
72,Taoudenni,83,ML,1580243232,19,22.68,-3.98,21.8,4.49
73,Ormara,0,PK,1580243233,46,25.21,64.64,17.77,10.5
74,Praia da Vitoria,75,PT,1580243234,93,38.73,-27.07,18.0,9.9
75,Hoquiam,75,US,1580243235,93,46.98,-123.89,12.22,2.6
76,Adrar,0,MR,1580243236,20,20.5,-10.07,24.56,5.71
77,Severo-Kuril'sk,92,RU,1580243237,91,50.68,156.12,-5.69,2.25
78,Nishihara,90,JP,1580243238,72,26.18,127.76,17.0,6.7
79,Bonavista,100,CA,1580243239,86,48.65,-53.11,-0.56,0.45
80,High Rock,40,BS,1580243242,73,26.62,-78.28,23.0,5.1
81,Belchatow,75,PL,1580243243,79,51.37,19.36,3.33,3.6
82,Mizdah,0,LY,1580243244,54,31.45,12.98,11.64,2.62
83,Contamana,100,PE,1580243245,39,-7.33,-75.02,35.76,2.38
84,Fairbanks,20,US,1580243246,73,64.84,-147.72,-27.22,1.72
85,Broome,90,US,1580243247,86,42.25,-75.83,1.11,4.6
86,Boueni,38,YT,1580243248,88,-12.9,45.08,28.0,3.1
87,Barrow,40,US,1580243250,67,71.29,-156.79,-32.0,2.6
88,Port Blair,100,IN,1580243251,66,11.67,92.75,25.24,5.59
89,Arraial do Cabo,40,BR,1580243253,78,-22.97,-42.03,30.0,4.6
90,Mataura,30,NZ,1580243254,77,-46.19,168.86,17.78,0.45
91,Chokurdakh,100,RU,1580242975,96,70.63,147.92,-27.84,4.81
92,Zhangzhou,90,CN,1580243256,57,24.51,117.66,11.0,3.0
93,Guerrero Negro,0,MX,1580243258,27,27.98,-114.06,22.97,5.06
94,Sao Joao da Barra,20,BR,1580243259,62,-21.64,-41.05,30.0,7.2
95,Maniitsoq,3,GL,1580243260,65,65.42,-52.9,-13.9,2.64
96,Faanui,99,PF,1580243261,75,-16.48,-151.75,28.29,5.11
97,San Andres,20,CO,1580242967,62,12.58,-81.7,29.0,3.1
98,Vic,2,ES,1580243263,93,41.93,2.25,14.44,1.5
99,Arinos,100,BR,1580243264,88,-15.92,-46.11,24.38,1.17
100,Edd,0,ER,1580243265,56,13.93,41.69,25.68,3.84
101,Dikson,99,RU,1580243266,97,73.51,80.55,-24.85,6.11
102,Mount Isa,90,AU,1580243267,100,-20.73,139.5,23.0,6.7
103,Graham,90,US,1580243268,81,47.05,-122.29,11.0,2.6
104,Carnarvon,0,AU,1580243269,94,-24.87,113.63,24.0,8.7
105,Ridgecrest,75,US,1580243270,35,35.62,-117.67,15.56,1.5
106,Amboise,90,FR,1580243271,81,47.41,0.98,8.0,7.7
107,Bredasdorp,61,ZA,1580243272,77,-34.53,20.04,20.0,4.34
108,Luena,100,AO,1580243273,94,-11.78,19.92,18.49,0.85
109,Camacha,20,PT,1580243275,67,33.08,-16.33,16.0,2.6
110,Hjelset,100,NO,1580243276,58,62.78,7.48,1.67,3.6
111,Lebu,15,CL,1580243277,53,-37.62,-73.65,17.71,5.79
112,Tasiilaq,75,GL,1580243278,54,65.61,-37.64,-2.0,2.1
113,Srednekolymsk,100,RU,1580243279,90,67.45,153.68,-31.1,3.77
114,Eyl,67,SO,1580243280,74,7.98,49.82,24.08,12.6
115,Tessalit,0,ML,1580242984,13,20.2,1.01,23.23,3.95
116,Meulaboh,100,ID,1580243282,74,4.14,96.13,27.83,5.44
117,Deer Lake,90,CA,1580243283,85,49.17,-57.43,-4.0,5.1
118,Smithers,75,CA,1580243284,92,54.78,-127.17,-2.0,2.6
119,Kungurtug,7,RU,1580243285,77,50.6,97.52,-16.44,2.3
120,Pila,100,PL,1580243286,94,53.15,16.74,2.62,9.59
121,Puerto Penasco,0,MX,1580243287,62,31.32,-113.53,18.89,2.24
122,Namatanai,0,PG,1580243288,79,-3.67,152.43,28.39,6.59
123,Nizhneudinsk,100,RU,1580243289,91,54.91,99.03,-9.86,0.21
124,Mbini,40,GQ,1580243290,84,1.57,9.61,30.0,2.1
125,Hithadhoo,58,MV,1580243292,79,-0.6,73.08,27.32,5.73
126,Viedma,100,AR,1580243293,46,-40.81,-63.0,18.5,7.19
127,Khatanga,100,RU,1580243294,95,71.97,102.5,-21.41,2.46
128,Dingle,61,PH,1580243295,86,11.0,122.67,22.43,2.24
129,Progreso,40,MX,1580243296,43,21.28,-89.67,33.89,2.1
130,Chajul,22,GT,1580243297,76,15.49,-91.03,20.2,1.89
131,Beyla,94,GN,1580243299,18,8.68,-8.63,24.58,1.08
132,Yura,75,PE,1580243300,77,-16.25,-71.68,18.0,6.7
133,Omaruru,27,NA,1580243301,32,-21.43,15.93,24.72,4.01
134,Koumac,100,NC,1580243302,75,-20.57,164.28,24.95,1.84
135,Chui,0,UY,1580243303,53,-33.7,-53.46,24.74,4.21
136,Kohlu,0,PK,1580243304,55,29.9,69.25,4.27,2.53
137,Esik,90,KZ,1580243306,100,43.36,77.45,-8.0,1.0
138,Ishinomaki,100,JP,1580243308,83,38.42,141.3,8.73,10.34
139,Elko,90,US,1580243225,60,41.0,-115.5,7.22,2.6
140,Ndele,3,CF,1580243310,14,8.41,20.65,23.46,2.66
141,Geraldton,90,AU,1580243311,83,-28.77,114.6,21.0,7.2
142,Ketchikan,90,US,1580243312,75,55.34,-131.65,6.0,3.1
143,Salalah,0,OM,1580243313,20,17.02,54.09,19.0,3.1
144,Christchurch,100,NZ,1580243035,93,-43.53,172.63,21.11,2.1
145,Bengkulu,100,ID,1580243315,94,-3.8,102.27,23.5,1.99
146,Forestville,90,US,1580243167,42,38.85,-76.88,7.78,4.6
147,Stokmarknes,75,NO,1580243317,68,68.56,14.91,-1.0,13.9
148,Peterhead,42,GB,1580243318,88,57.51,-1.8,2.22,2.1
149,Los Llanos de Aridane,75,ES,1580243319,72,28.66,-17.92,18.0,3.1
150,Hilo,90,US,1580243320,73,19.73,-155.09,24.0,2.6
151,Tataouine,0,TN,1580243321,44,32.93,10.45,14.0,2.35
152,Syzran,100,RU,1580243322,96,53.16,48.47,-11.53,2.76
153,Airai,99,TL,1580243323,81,-8.93,125.41,20.41,2.31
154,Yulara,0,AU,1580243324,20,-25.24,130.99,29.0,4.6
155,Alofi,20,NU,1580243055,83,-19.06,-169.92,28.0,3.1
156,Kununurra,83,AU,1580243328,94,-15.77,128.73,27.0,1.5
157,Tuktoyaktuk,75,CA,1580243329,74,69.45,-133.04,-32.0,2.1
158,Urambo,100,TZ,1580243330,98,-5.07,32.05,17.63,1.64
159,Port-de-Bouc,80,FR,1580243331,71,43.4,4.98,12.78,7.2
160,Le Portel,78,FR,1580243332,86,50.71,1.58,5.56,6.7
161,Egvekinot,93,RU,1580243333,89,66.32,-179.17,-24.22,0.26
162,Provideniya,0,RU,1580243334,69,64.38,-173.3,-23.0,2.0
163,Gimli,95,CA,1580243336,96,50.63,-96.99,-9.44,1.76
164,Angoram,93,PG,1580243337,99,-4.06,144.07,22.95,1.07
165,Kolvereid,57,NO,1580243338,80,64.87,11.6,0.56,3.6
166,Mersa Matruh,20,EG,1580243339,71,31.35,27.25,13.0,2.6
167,Kaitangata,65,NZ,1580243340,71,-46.28,169.85,19.44,2.24
168,Cabo San Lucas,5,MX,1580243137,53,22.89,-109.91,26.11,3.6
169,Sao Filipe,68,CV,1580243342,56,14.9,-24.5,22.98,7.23
170,Walvis Bay,0,NA,1580243344,77,-22.96,14.51,18.0,2.1
171,Kodiak,90,US,1580243100,72,57.79,-152.41,-8.0,5.1
172,Ilulissat,40,GL,1580243346,49,69.22,-51.1,-16.0,3.6
173,Novobirilyussy,100,RU,1580243347,87,56.95,90.67,-6.4,3.49
174,Westerland,83,DE,1580243348,91,54.91,8.3,4.44,2.68
175,Avanuorri,0,NO,1580243349,72,71.0,24.66,-9.0,5.1
176,North Bend,90,US,1580243350,81,43.41,-124.22,12.78,7.7
177,Deputatsky,99,RU,1580243351,68,69.3,139.9,-30.88,1.99
178,Avera,1,US,1580243352,38,33.19,-82.53,17.22,2.6
179,Portimao,75,PT,1580243353,100,37.14,-8.54,14.44,1.5
180,Salyan,0,AZ,1580246657,83,39.59,48.98,5.32,1.03
181,Dongning,100,CN,1580246658,87,44.06,131.12,-11.85,0.48
182,Youhao,0,CN,1580246660,96,47.87,128.83,-21.94,1.15
183,Burns Lake,98,CA,1580246661,90,54.23,-125.75,-3.07,0.8
184,Inirida,88,CO,1580246662,58,3.87,-67.92,31.67,0.79
185,Puro,49,PH,1580246663,84,12.48,123.38,24.49,0.92
186,Saint Anthony,90,US,1580246664,78,45.02,-93.22,-6.0,1.14
187,Little Current,90,CA,1580246665,68,45.98,-81.92,-1.11,3.6
188,Palmer,90,US,1580246667,51,42.16,-72.33,3.33,3.1
189,Mogok,0,MM,1580246668,60,22.92,96.5,11.25,1.2
190,Pacific Grove,20,US,1580246669,59,36.62,-121.92,17.78,3.6
191,Verkh-Usugli,0,RU,1580246670,96,52.7,115.17,-19.46,0.32
192,Port Elizabeth,75,ZA,1580246404,88,-33.92,25.57,18.0,6.7
193,Opuwo,79,NA,1580246466,62,-18.06,13.84,23.26,1.54
194,Simplicio Mendes,99,BR,1580246673,90,-7.85,-41.91,25.32,1.32
195,Iqaluit,5,CA,1580246674,67,63.75,-68.51,-30.56,11.3
196,Aquidauana,85,BR,1580246676,47,-20.47,-55.79,31.87,2.43
197,Poronaysk,73,RU,1580246678,95,49.22,143.12,-13.36,1.81
198,Ribeira Grande,75,PT,1580246680,93,38.52,-28.7,17.0,3.1
199,Salinopolis,0,BR,1580246681,79,-0.61,-47.36,27.77,6.65
200,Sharon,90,US,1580246682,86,41.23,-80.49,1.11,3.6
201,Timra,90,SE,1580246683,100,62.49,17.33,1.0,3.6
202,Portland,90,US,1580246389,76,45.52,-122.68,11.11,3.6
203,Ostrovnoy,99,RU,1580246646,99,68.05,39.51,-15.28,2.5
204,San Patricio,20,MX,1580246601,69,19.22,-104.7,27.0,5.1
205,Flinders,40,AU,1580246687,83,-34.58,150.86,23.33,6.2
206,Aransas Pass,40,US,1580246688,64,27.91,-97.15,25.56,5.1
207,Kourou,75,GF,1580246689,78,5.16,-52.65,28.0,5.1
208,Berdigestyakh,15,RU,1580246692,99,62.1,126.7,-29.55,1.44
209,Cherskiy,100,RU,1580246693,97,68.75,161.3,-30.74,3.84
210,Itarema,100,BR,1580246696,77,-2.92,-39.92,26.64,2.56
211,Yerbogachen,100,RU,1580246621,92,61.28,108.01,-13.34,2.29
212,Manuk Mangkaw,95,PH,1580246698,80,4.8,119.85,27.23,3.69
213,Nyrob,22,RU,1580246699,98,60.73,56.72,-28.01,1.76
214,Upernavik,100,GL,1580246701,92,72.79,-56.15,-24.3,2.66
215,Sept-Iles,20,CA,1580246702,56,50.2,-66.38,-8.89,2.6
216,Laas,75,IT,1580246703,79,46.62,10.7,2.22,1.0
217,Timbiqui,100,CO,1580246704,86,2.77,-77.67,26.8,2.33
218,Saint-Philippe,75,RE,1580246533,73,-21.36,55.77,23.0,3.1
219,Clyde River,5,CA,1580246707,74,70.47,-68.59,-30.0,7.7
220,Cayhagan,58,PH,1580246708,82,9.67,122.43,25.49,1.58
221,Huarmey,95,PE,1580246709,63,-10.07,-78.15,24.93,3.81
222,Krasnosel'kup,97,RU,1580246710,95,65.7,82.47,-18.6,6.26
223,Oskarshamn,20,SE,1580246711,100,57.26,16.45,3.89,2.1
224,Evensk,100,RU,1580246712,95,61.95,159.23,-10.88,1.01
225,Slave Lake,1,CA,1580246713,92,55.28,-114.77,-8.0,2.1
226,Bathsheba,40,BB,1580246715,69,13.22,-59.52,28.0,5.7
227,General Roca,100,AR,1580246716,16,-39.03,-67.58,29.0,8.7
228,Hervey Bay,12,AU,1580246717,83,-25.3,152.85,26.0,1.5
229,Kiryat Gat,40,IL,1580246584,87,31.61,34.76,13.0,3.1
230,Acapulco de Juarez,5,MX,1580246490,62,16.86,-99.89,30.0,3.1
231,Jalu,0,LY,1580246720,52,29.03,21.55,13.78,1.81
232,Marawi,48,PH,1580246721,92,8.0,124.29,24.44,1.34
233,Medicine Hat,90,CA,1580246554,59,50.05,-110.67,4.44,3.1
234,Tambura,78,SS,1580246624,19,5.6,27.47,20.68,1.27
235,Tiksi,99,RU,1580246522,87,71.69,128.87,-30.08,1.72
236,Kidal,62,ML,1580246726,8,18.44,1.41,23.74,3.94
237,Cockburn Town,40,TC,1580246728,69,21.46,-71.14,28.0,4.1
238,Mafinga,100,TZ,1580246729,96,-7.25,35.07,18.78,0.63
239,Mount Gambier,90,AU,1580246730,100,-37.83,140.77,11.0,2.6
240,Nioro,52,GM,1580246622,15,13.35,-15.75,28.55,1.21
241,Zyryanka,57,RU,1580246733,100,65.75,150.85,-34.08,1.0
242,Black River,20,JM,1580246734,78,18.03,-77.85,28.89,1.0
243,Mana,76,GF,1580246735,75,5.66,-53.78,27.13,2.63
244,Roseburg,90,US,1580246686,66,43.22,-123.34,12.22,6.7
245,Ugoofaaru,9,MV,1580246465,71,5.67,73.0,27.38,4.85
246,Gizo,100,SB,1580246738,82,-8.1,156.84,26.9,3.51
247,Richards Bay,86,ZA,1580246677,80,-28.78,32.04,23.64,7.26
248,Rawson,0,AR,1580246658,67,-43.3,-65.1,15.73,4.28
249,Yeppoon,90,AU,1580246742,94,-23.13,150.73,25.0,3.1
250,Pisco,90,PE,1580246743,30,-13.7,-76.22,23.33,5.7
251,Prata,47,BR,1580246744,83,-19.31,-48.92,26.53,1.75
252,Ahipara,71,NZ,1580246645,100,-35.17,173.17,21.67,1.61
253,Havre-Saint-Pierre,1,CA,1580246746,72,50.23,-63.6,-10.0,3.1
254,Berlevag,75,NO,1580246747,66,70.86,29.09,-9.0,5.7
255,Muroto,20,JP,1580246748,66,33.28,134.15,11.0,5.7
256,Tolaga Bay,1,NZ,1580246749,79,-38.37,178.3,20.97,2.34
257,Pangnirtung,20,CA,1580246720,68,66.15,-65.71,-29.0,2.1
258,Laguna,90,US,1580246751,71,38.42,-121.42,17.0,3.1
259,Yinzhu,75,CN,1580246752,82,35.88,119.98,2.0,4.0
260,Lavrentiya,0,RU,1580246753,81,65.58,-171.0,-24.77,3.84
261,Iroquois Falls,90,CA,1580246755,85,48.77,-80.68,-11.0,4.1
262,Torbay,90,CA,1580246756,100,47.67,-52.73,-0.56,2.1
263,Indramayu,100,ID,1580246758,81,-6.33,108.32,26.45,1.53
264,Karratha,37,AU,1580246759,81,-20.74,116.85,28.88,7.21
265,Ubari,0,LY,1580246760,11,26.59,12.78,18.14,4.25
266,Constitucion,28,CL,1580246761,67,-35.33,-72.42,18.97,8.52
267,Olavarria,67,AR,1580246762,41,-36.89,-60.32,29.44,1.79
268,Tommot,22,RU,1580246763,95,58.96,126.29,-22.35,1.03
269,Mae Sai,0,TH,1580246764,100,20.43,99.88,10.56,0.99
270,Alyangula,40,AU,1580246610,83,-13.85,136.42,27.0,6.2
271,Saldanha,40,ZA,1580246605,82,-33.01,17.94,19.0,5.1
272,Taungdwingyi,0,MM,1580246767,49,20.02,95.55,14.93,1.55
273,Hukuntsi,0,BW,1580246636,18,-24.0,21.75,24.97,0.78
274,Osakarovka,90,KZ,1580246769,99,50.56,72.57,-23.72,5.27
275,Vao,100,NC,1580246526,72,-22.67,167.48,24.78,6.22
276,Kavieng,66,PG,1580246771,76,-2.57,150.8,28.92,3.7
277,Ixtapa,20,MX,1580246528,65,20.7,-105.2,26.0,5.1
278,Srikakulam,30,IN,1580246775,91,18.3,83.9,22.18,1.02
279,Xifeng,100,CN,1580246776,95,42.74,124.72,-13.09,2.08
280,Faya,0,SA,1580246777,81,18.39,42.45,12.0,2.1
281,Cidreira,78,BR,1580246778,79,-30.18,-50.21,23.78,7.73
282,Jackson,75,US,1580246504,76,42.42,-122.83,11.11,2.6
283,Arequipa,75,PE,1580246780,77,-16.4,-71.53,17.0,6.2
284,Yakeshi,0,CN,1580246781,90,49.28,120.73,-19.07,1.51
285,Hobyo,97,SO,1580246782,66,5.35,48.53,24.49,10.76
286,Sitka,90,US,1580246599,69,57.05,-135.33,4.0,5.7
287,Llata,100,PE,1580246584,62,-9.42,-76.78,11.72,2.62
288,Vila Velha,40,BR,1580246785,79,-20.33,-40.29,29.0,5.1
289,Koutiala,67,ML,1580246788,6,12.39,-5.46,24.51,3.48
290,Nome,1,US,1580246789,68,64.5,-165.41,-29.0,2.1
291,Phalombe,100,MW,1580246790,88,-15.81,35.65,17.93,0.55
292,Nantucket,90,US,1580246791,60,41.28,-70.1,4.0,5.1
293,Castro,71,BR,1580246792,82,-24.79,-50.01,21.09,2.17
294,Muzhi,89,RU,1580246793,83,65.37,64.67,-27.53,2.97
295,Olinda,40,BR,1580246499,70,-8.01,-34.86,29.0,5.1
296,Grand Gaube,20,MU,1580246795,88,-20.01,57.66,22.78,2.1
297,Mossamedes,98,AO,1580246796,85,-15.2,12.15,23.34,5.59
298,Nouakchott,0,MR,1580246657,9,18.09,-15.98,25.0,3.6
299,Adeje,64,ES,1580246798,72,28.12,-16.73,17.78,3.6
300,Skeldon,67,GY,1580246799,80,5.88,-57.13,26.75,6.32
301,Birjand,0,IR,1580246800,73,32.87,59.22,-3.0,2.1
302,Suseni,100,RO,1580246802,86,46.67,25.55,0.0,2.74
303,Tezu,0,IN,1580246803,58,27.92,96.17,9.95,1.44
304,Lelystad,75,NL,1580246804,75,52.51,5.47,7.22,11.8
305,Denpasar,20,ID,1580246805,88,-8.65,115.22,28.0,0.5
306,Verkhnyaya Inta,99,RU,1580246806,97,65.98,60.31,-28.38,3.06
307,Turaif,97,SA,1580246807,61,31.67,38.66,8.0,3.1
308,Vostok,100,RU,1580246537,86,46.49,135.88,-12.71,0.77
309,Inhambane,0,MZ,1580246809,64,-23.86,35.38,24.83,4.9
310,Marshalltown,90,US,1580246812,100,42.05,-92.91,-5.0,3.1
311,Roebourne,20,AU,1580246813,67,-20.78,117.13,28.83,5.54
312,Quelimane,20,MZ,1580246814,83,-17.88,36.89,27.0,1.5
313,Hofn,100,IS,1580246815,63,64.25,-15.21,3.51,8.79
314,Luderitz,0,NA,1580246817,80,-26.65,15.16,18.53,11.22
315,Apache Junction,1,US,1580246818,20,33.42,-111.55,21.67,1.5
316,Maragogi,2,BR,1580246621,75,-9.01,-35.22,27.26,6.08
317,Arrondissement de Lure,75,FR,1580246820,86,47.75,6.5,5.0,5.7
318,Yasnyy,18,RU,1580246821,87,51.03,59.87,-19.69,1.95
319,Hajnowka,100,PL,1580246823,82,52.74,23.58,3.33,1.34
320,Klyuchi,100,RU,1580246825,91,52.27,79.17,-14.48,9.55
321,Mackay,75,AU,1580246826,94,-21.15,149.2,26.11,3.1
322,Samarai,91,PG,1580246827,81,-10.62,150.67,25.91,0.81
323,Codrington,91,AU,1580246530,90,-38.27,141.97,15.65,3.8
324,Kolosovka,86,RU,1580246829,96,56.47,73.61,-21.45,4.62
325,Coos Bay,75,US,1580246830,81,43.37,-124.22,12.22,7.7
326,Gimbi,33,ET,1580246831,38,9.17,35.83,19.28,2.47
327,Aklavik,90,CA,1580246543,61,68.22,-135.01,-29.0,5.1
328,Polunochnoye,90,RU,1580246834,83,60.87,60.42,-22.53,2.48
329,Mareeba,90,AU,1580246835,100,-17.0,145.43,26.11,2.6
330,Nova Olinda do Norte,95,BR,1580246836,89,-3.89,-59.09,28.66,0.28
331,Bubaque,100,GW,1580246837,73,11.28,-15.83,25.32,5.22
332,Guiglo,0,CI,1580246838,50,6.55,-7.5,27.45,1.08
333,Sisimiut,97,GL,1580246839,97,66.94,-53.67,-19.85,1.34
334,Sangin,0,AF,1580246840,74,32.07,64.84,3.16,1.27
335,Kuchinda,36,IN,1580246841,98,21.73,84.35,17.97,2.69
336,Sioux Lookout,75,CA,1580246842,72,50.1,-91.92,-10.0,1.5
337,Shimoda,75,JP,1580246843,93,34.67,138.95,10.0,2.1
338,Kodinsk,100,RU,1580246844,94,58.69,99.18,-10.36,1.38
339,Eureka,90,US,1580246845,82,40.8,-124.16,13.89,4.6
340,Nkayi,99,CG,1580246846,91,-4.18,13.29,23.5,0.69
341,Pevek,100,RU,1580246847,97,69.7,170.31,-19.07,5.13
342,Wad Medani,98,SD,1580246848,28,14.4,33.52,20.15,4.97
343,Saint George,1,US,1580246850,37,37.1,-113.58,12.0,1.27
344,Panlaitan,80,PH,1580246851,78,12.12,119.85,24.59,3.0
345,Fortuna,90,US,1580246720,82,40.6,-124.16,13.89,4.6
346,Taltal,0,CL,1580246853,70,-25.4,-70.48,20.74,2.74
347,Carlisle,90,US,1580246854,51,40.2,-77.19,5.56,2.1
348,Muros,90,ES,1580246845,100,42.78,-9.06,13.33,1.5
349,Mehamn,66,NO,1580246857,72,71.04,27.85,-8.0,6.7
350,Chernyshevskiy,100,RU,1580246858,91,63.01,112.47,-14.41,2.45
351,Khartoum,86,SD,1580246834,20,15.55,32.53,23.0,5.1
352,Igrim,0,RU,1580246860,96,63.19,64.42,-28.3,2.47
353,Fortuna Foothills,1,US,1580246862,15,32.66,-114.41,24.44,3.1
354,Sorland,75,NO,1580246863,74,67.67,12.69,-1.0,4.6
355,Pingliang,0,CN,1580246864,56,35.54,106.69,-5.67,0.88
356,Esim,40,GH,1580246865,80,4.87,-2.24,26.35,1.18
357,Catherinas Lust,49,GY,1580246866,78,6.4,-57.6,27.0,6.19
358,Karabulak,90,RU,1580246867,93,43.3,44.9,4.0,4.0
359,Cabra,20,ES,1580246869,93,37.47,-4.44,10.56,0.5
360,Xunchang,5,CN,1580248246,83,28.45,104.72,6.29,0.78
361,Acarau,100,BR,1580248247,77,-2.89,-40.12,26.64,2.56
362,Ngatea,82,NZ,1580248248,73,-37.28,175.5,27.22,5.1
363,Oranjemund,76,NA,1580248249,80,-28.55,16.43,17.47,5.52
364,Konstantinovskoye,100,RU,1580248250,86,45.3,42.64,3.0,5.0
365,Petropavlovsk-Kamchatsky,75,RU,1580248253,79,53.05,158.65,-7.0,3.0
366,Rabo de Peixe,75,PT,1580248254,93,37.8,-25.58,18.0,10.3
367,Raghunathpur,75,IN,1580248255,93,23.55,86.67,17.0,2.1
368,Tineo,75,ES,1580248256,87,43.34,-6.41,11.67,2.1
369,Jati,0,PK,1580248257,50,24.35,68.27,13.86,3.54
370,Teahupoo,75,PF,1580248258,66,-17.83,-149.27,31.0,5.1
371,Rome,90,US,1580248109,74,43.21,-75.46,-1.0,4.1
372,Cassilandia,4,BR,1580248260,64,-19.11,-51.73,28.53,1.84
373,Ulladulla,40,AU,1580248035,83,-35.35,150.47,21.67,6.2
374,Katherine,81,AU,1580248262,88,-14.47,132.27,24.0,3.1
375,Makakilo City,1,US,1580248263,64,21.35,-158.09,26.11,1.5
376,San Quintin,0,MX,1580248264,66,30.48,-115.95,17.89,6.25
377,Payo,100,ID,1580248265,97,-3.75,103.64,20.94,1.22
378,Santa Cruz Cabralia,40,BR,1580248266,83,-16.28,-39.02,27.0,3.1
379,Kamiiso,75,JP,1580248268,86,41.82,140.65,3.0,6.2
380,Bereznik,100,RU,1580248269,89,62.86,42.71,-15.11,3.35
381,Anju,100,KP,1580248270,78,39.62,125.66,0.06,2.09
382,Riohacha,40,CO,1580248271,74,11.54,-72.91,28.0,6.7
383,San Jose,75,US,1580248114,67,37.34,-121.89,17.22,6.2
384,Izhma,88,RU,1580248273,99,65.01,53.91,-25.08,1.96
385,Pangkalanbuun,100,ID,1580248274,97,-2.68,111.62,23.43,0.21
386,Vila Franca do Campo,75,PT,1580248275,93,37.72,-25.43,18.0,10.3
387,Narsaq,15,GL,1580248276,66,60.92,-46.05,-9.0,1.31
388,Williamsport,90,US,1580248277,74,41.24,-77.0,4.0,3.6
389,Bandrele,38,YT,1580248278,88,-12.91,45.19,28.0,3.1
390,Sibolga,100,ID,1580248279,99,1.74,98.78,21.92,0.99
391,Iquique,0,CL,1580248150,57,-20.22,-70.14,26.0,7.7
392,Bayji,99,IQ,1580248281,48,34.93,43.49,10.36,2.55
393,Vidim,100,RU,1580248283,94,56.41,103.11,-13.22,1.74
394,Pachino,20,IT,1580248284,93,36.72,15.09,12.78,1.5
395,Svirstroy,100,RU,1580248285,86,60.8,33.72,-5.87,2.99
396,Soyo,85,AO,1580248286,82,-6.13,12.37,27.26,2.25
397,Soto la Marina,10,MX,1580248287,43,23.77,-98.22,27.54,6.49
398,Takoradze,40,GH,1580248288,80,4.88,-1.76,26.35,1.18
399,Marystown,100,CA,1580248289,97,47.17,-55.15,-0.62,6.44
400,Agua Verde,5,MX,1580248290,57,22.9,-106.05,26.0,5.1
401,Shalyhyne,100,UA,1580248291,86,51.57,34.12,0.31,3.69
402,Straumen,100,NO,1580248292,74,63.87,11.3,1.11,4.6
403,Kasempa,93,ZM,1580248294,93,-13.46,25.83,18.61,2.04
404,Novoagansk,95,RU,1580248295,96,61.94,76.66,-22.61,5.04
405,Bremgarten,75,CH,1580248296,81,47.35,8.34,7.0,3.1
406,Grants Pass,90,US,1580248260,66,42.44,-123.33,12.0,2.87
407,Okhotsk,0,RU,1580248299,66,59.38,143.3,-24.96,4.58
408,Yumen,0,CN,1580248300,45,40.28,97.2,-6.97,2.8
409,Kahului,20,US,1580248273,54,20.89,-156.47,27.0,2.1
410,Tornio,90,FI,1580248302,85,65.85,24.13,-8.0,4.1
411,Coyhaique,75,CL,1580248303,66,-45.58,-72.07,14.0,2.1
412,Cayenne,75,GF,1580248076,78,4.93,-52.33,28.0,5.1
413,Zhuhai,20,CN,1580248307,66,22.28,113.57,12.0,11.3
414,Carballo,75,ES,1580248308,100,43.21,-8.69,12.78,2.1
415,Sur,0,OM,1580248309,45,22.57,59.53,17.8,5.79
416,Masuguru,100,TZ,1580248310,96,-11.37,38.42,23.33,1.19
417,Riverton,90,US,1580248311,80,40.52,-111.94,8.0,5.1
418,Bobrovka,0,RU,1580248313,87,54.05,61.75,-21.76,2.74
419,Marzuq,0,YE,1580248315,33,14.4,46.47,12.34,0.86
420,Angoche,100,MZ,1580248316,98,-16.23,39.91,23.12,1.84
421,Maturin,29,VE,1580248317,63,9.75,-63.18,29.74,3.35
422,Skjervoy,20,NO,1580248318,62,70.03,20.97,-4.0,14.9
423,Arrondissement du Havre,88,FR,1580248319,80,49.58,0.33,5.0,6.7
424,Ambulu,100,ID,1580248320,81,-8.35,113.61,27.33,2.43
425,Departamento de Maldonado,0,UY,1580248321,44,-34.67,-54.92,27.0,4.1
426,Maningrida,100,AU,1580248323,82,-12.07,134.27,28.91,4.93
427,Karlovac,100,HR,1580248324,86,45.49,15.55,6.67,6.2
428,Jumla,100,NP,1580248325,82,29.27,82.18,-3.47,1.32
429,Assiut,0,EG,1580248078,44,27.18,31.18,11.25,4.22
430,Touros,40,BR,1580248327,74,-5.2,-35.46,29.0,5.7
431,Lompoc,1,US,1580248063,34,34.64,-120.46,23.33,5.7
432,Waingapu,44,ID,1580248329,74,-9.66,120.26,28.56,4.34
433,Lata,40,PT,1580248243,87,40.16,-8.33,15.56,3.1
434,Fangshan,73,CN,1580248331,79,39.7,115.99,2.78,2.0
435,Srivardhan,20,IN,1580248333,81,18.03,73.02,20.86,2.6
436,Bella Vista,90,US,1580248334,100,36.43,-94.23,8.0,4.1
437,Baft,0,IR,1580248335,49,29.23,56.61,-0.21,1.65
438,Kaniama,100,CD,1580248336,94,-7.57,24.18,19.58,1.1
439,Zaton,75,RU,1580248337,79,53.29,83.81,-4.0,6.0
440,Marsh Harbour,65,BS,1580248338,72,26.54,-77.06,22.42,6.0
441,Poum,100,NC,1580248339,79,-20.23,164.02,26.39,6.74
442,Carutapera,3,BR,1580248340,82,-1.2,-46.02,27.71,7.58
443,Andilamena,89,MG,1580248341,97,-17.02,48.58,19.5,1.86
444,Katsuura,75,JP,1580248343,93,35.13,140.3,11.0,6.2
445,Lodja,88,CD,1580248344,81,-3.48,23.43,23.41,1.91
446,Pandan,23,PH,1580248345,78,14.05,124.17,25.93,1.42
447,Victor Harbor,0,AU,1580248346,56,-35.57,138.62,24.44,1.0
448,Caravelas,100,BR,1580248347,85,-17.71,-39.25,26.94,5.71
449,Batagay,10,RU,1580248349,74,67.63,134.63,-35.74,1.73
450,Collierville,1,US,1580248350,70,35.04,-89.66,14.0,3.1
451,Ola,99,RU,1580248351,97,59.58,151.28,-13.76,0.95
452,Fonte Boa,100,BR,1580248352,90,-2.5,-66.27,23.32,0.69
453,Conselheiro Pena,100,BR,1580248353,92,-19.17,-41.47,24.17,0.69
454,Boissy-Saint-Leger,84,FR,1580248354,80,48.75,2.52,5.56,6.7
455,Salinas,90,US,1580248355,59,36.68,-121.66,17.22,3.08
456,Totma,100,RU,1580248356,85,59.97,42.76,-13.39,3.18
457,Grand Island,90,US,1580248357,80,40.92,-98.34,1.11,1.5
458,Matelica,75,IT,1580248358,87,43.25,13.01,16.11,4.6
459,La Ronge,90,CA,1580248336,85,55.1,-105.28,-6.0,2.6
460,Wahpeton,100,US,1580248272,85,46.27,-96.61,-10.0,1.5
461,Tigil,27,RU,1580248361,78,57.8,158.67,-12.28,3.1
462,Santo Andre,75,BR,1580248362,83,-23.66,-46.54,27.22,7.7
463,Atar,0,MR,1580248364,16,20.52,-13.05,25.16,5.11
464,Cacu,19,BR,1580248365,74,-18.56,-51.13,27.67,1.47
465,Anaconda,90,US,1580248366,59,46.13,-112.94,3.0,1.5
466,La Palma,40,US,1580248368,33,33.85,-118.05,24.44,1.74
467,Himare,75,AL,1580248369,87,40.1,19.74,13.0,2.1
468,Waitati,84,NZ,1580248370,68,-45.75,170.57,19.44,2.0
469,Huejuquilla el Alto,0,MX,1580248371,19,22.6,-103.87,21.02,1.39
470,Labuan,75,MY,1580248372,83,5.28,115.24,28.0,4.1
471,Dzaoudzi,23,YT,1580248373,88,-12.79,45.27,28.0,3.1
472,Mbanza-Ngungu,91,CD,1580248374,91,-5.25,14.87,21.76,0.72
473,Kandi,67,BJ,1580248375,8,11.13,2.94,23.89,2.31
474,Kjollefjord,5,NO,1580248376,72,70.95,27.35,-8.0,7.2
475,Kirakira,100,SB,1580248377,80,-10.45,161.92,27.17,0.84
476,Lorengau,46,PG,1580248378,80,-2.02,147.27,28.23,4.57
477,Farah,0,AF,1580248380,68,32.5,62.5,3.05,1.19
478,Simao,0,CN,1580248381,71,22.79,100.97,5.64,0.35
479,Kumluca,6,TR,1580248382,74,36.37,30.29,7.72,1.46
480,Whitehorse,75,CA,1580248383,92,60.72,-135.05,-6.67,1.0
481,Viseu,96,PT,1580248384,98,40.66,-7.91,16.11,3.13
482,Berezovyy,100,RU,1580248385,97,51.67,135.7,-14.74,0.37
483,Kondinskoye,68,RU,1580248386,96,59.65,67.41,-26.03,3.52
484,Ipora,55,BR,1580248387,88,-16.44,-51.12,24.12,3.99
485,Hatillo,1,PR,1580248388,72,18.49,-66.83,27.22,3.1
486,Leeuwarden,75,NL,1580248247,75,53.2,5.81,7.0,9.8
487,Nalut,5,LY,1580248391,49,30.33,10.85,13.35,4.87
488,Hay River,90,CA,1580248157,84,60.82,-115.8,-18.0,4.1
489,Along,0,IN,1580248393,86,28.17,94.77,6.65,1.95
490,Bela,0,IN,1580248394,85,25.93,81.98,14.04,3.2
491,Havelock,40,US,1580248276,40,34.88,-76.9,12.22,5.1
492,Ondjiva,85,AO,1580248397,59,-17.07,15.73,24.46,2.53
493,Biak,31,ID,1580248398,79,-0.91,122.88,27.35,2.1
494,Charagua,75,BO,1580248401,61,-19.8,-63.22,28.0,3.99
495,Waynesville,1,US,1580248402,42,35.49,-82.99,11.67,1.5
496,Isla Vista,1,US,1580248403,34,34.41,-119.86,23.33,5.7
497,Celestun,0,MX,1580248404,77,20.87,-90.4,24.07,3.27
498,Nanakuli,1,US,1580248406,64,21.39,-158.15,26.11,1.5
499,Itaituba,20,BR,1580248407,62,-4.28,-55.98,32.0,1.0
500,Krasnoarmeysk,100,RU,1580248408,96,51.02,45.7,-4.44,2.68
501,Zhangye,0,CN,1580248409,27,38.93,100.45,-5.15,1.81
502,Dharchula,99,IN,1580248410,98,29.85,80.53,-2.9,0.79
503,Xichang,100,CN,1580248412,92,27.9,102.26,-4.42,1.65
504,Bam,0,IR,1580248413,43,29.11,58.36,7.38,0.66
505,Aykhal,100,RU,1580248414,95,66.0,111.5,-18.62,4.33
506,Serafimovich,100,RU,1580248415,94,49.58,42.74,1.67,0.89
507,Kyren,0,RU,1580248416,68,51.68,102.14,-14.1,5.34
508,Talcahuano,80,CL,1580248417,52,-36.72,-73.12,21.0,9.3
509,Merauke,68,ID,1580248418,92,-8.47,140.33,24.84,2.18
510,Chengzhong,0,CN,1580248419,75,30.95,113.55,1.0,1.0
511,Port Keats,88,AU,1580248420,83,-14.25,129.55,29.26,7.38
512,Lokoja,0,NG,1580248421,14,7.8,6.74,26.96,1.2
513,Hvide Sande,93,DK,1580248422,86,56.0,8.13,5.56,6.2
514,Hambantota,20,LK,1580248423,100,6.12,81.12,22.0,1.5
515,Swan River,100,CA,1580248424,97,52.11,-101.27,-8.43,1.77
516,Uvalde,1,US,1580248425,32,29.37,-99.77,22.0,12.3
517,Itum-Kali,98,RU,1580248426,92,42.74,45.58,-10.12,3.62
518,Bolnisi,100,GE,1580248428,59,41.45,44.54,1.0,2.1
519,Dunedin,84,NZ,1580248429,68,-45.87,170.5,19.44,2.0
520,Quatre Cocos,20,MU,1580248430,88,-20.21,57.76,22.22,2.1
521,Barranca,0,PE,1580248431,87,-10.75,-77.77,22.7,4.33
522,Ust-Nera,58,RU,1580248432,100,64.57,143.2,-43.45,1.14
523,Dongli,0,CN,1580248433,65,23.57,116.82,8.0,2.0
524,Luba,20,GQ,1580248434,88,3.46,8.55,27.0,2.1
525,Kutum,31,SD,1580248435,17,14.2,24.67,10.77,2.29
526,Olenegorsk,0,RU,1580248436,94,68.15,33.3,-20.7,1.03
527,Conde,84,BR,1580248437,74,-7.26,-34.91,28.0,5.1
528,Saquena,0,PE,1580248438,39,-4.67,-73.52,34.69,2.5
529,Benghazi,0,LY,1580248439,63,32.12,20.07,15.63,3.18
530,Fare,81,PF,1580248440,77,-16.7,-151.02,28.16,5.92
531,Damnoen Saduak,0,TH,1580248441,77,13.52,99.95,22.22,2.08
532,Prince Rupert,90,CA,1580248442,93,54.32,-130.32,5.0,4.1
533,Bonthe,1,SL,1580248443,85,7.53,-12.51,26.13,2.89
534,Troitskoye,100,RU,1580248445,89,52.98,84.68,-4.42,6.33
535,Dhidhdhoo,82,MV,1580248446,69,6.88,73.1,27.39,4.86
536,San Miguel de Tucuman,20,AR,1580248252,69,-26.82,-65.22,28.0,4.1
537,Barra do Garcas,40,BR,1580248448,78,-15.89,-52.26,28.0,1.5
538,Sokolo,0,ML,1580248449,4,14.73,-6.12,24.99,4.49
539,Palekh,100,RU,1580248450,93,56.8,41.86,-9.23,4.62
540,Ancud,20,CL,1580248185,39,-41.87,-73.82,17.0,7.2
541,Tarko-Sale,100,RU,1580248452,97,64.92,77.78,-19.98,5.04
542,Paoua,0,CF,1580248453,21,7.24,16.44,21.45,1.65
543,Pilar,40,BR,1580248395,78,-9.6,-35.96,27.0,5.7
544,Nautla,10,MX,1580248457,65,20.22,-96.78,26.64,1.79
545,Springdale,90,US,1580248459,100,36.19,-94.13,7.78,4.1
546,Gonder,59,ET,1580248460,31,12.6,37.47,13.67,3.08
547,Kavadarci,75,MK,1580248462,71,41.43,22.01,6.11,1.83
548,Tual,30,ID,1580248463,78,-5.67,132.75,29.08,8.49
549,Newport,20,GB,1580248350,86,51.59,-3.0,6.11,6.7
550,Seymchan,95,RU,1580248465,94,62.88,152.43,-28.11,2.26
551,Areka,90,ET,1580248466,78,7.07,37.7,20.59,0.18
552,Kembe,0,CF,1580248467,29,4.62,21.89,21.92,0.29
553,Stornoway,2,GB,1580248468,81,58.21,-6.39,6.0,11.3
554,Faqirwali,0,PK,1580248469,89,29.47,73.03,10.0,1.96
555,Butembo,98,CD,1580248470,77,0.15,29.28,17.57,1.27
556,Talnakh,75,RU,1580248471,85,69.49,88.4,-12.0,9.0
557,Puerto Carreno,20,CO,1580248463,39,6.19,-67.49,37.0,5.1
558,Nushki,0,PK,1580248473,72,29.55,66.02,4.59,1.3
559,Harper,100,LR,1580248475,84,4.38,-7.72,26.02,1.09
560,Bocas del Toro,46,PA,1580248415,91,9.33,-82.25,20.0,3.25
561,Sidi Ali,2,DZ,1580248478,84,36.1,0.42,9.56,1.2
562,Humaita,100,BR,1580248479,95,-7.51,-63.02,26.27,0.84
563,Wawa,44,NG,1580248480,22,9.9,4.42,27.54,2.63
564,Vaitape,99,PF,1580248481,75,-16.52,-151.75,28.29,5.11
565,Santa Maria,100,BR,1580248482,62,-29.68,-53.81,29.0,4.1
